feature,coefficient
VPSPEND,0.0018762608116631285
CDSPEND,0.004655289283431789
CLICKS,5.2227104988614766e-05
APPLY_START,-0.03386903892876258
Budget,0.0
Duration_weeks,0.0
